Name,Class,Total_Marks,Obtained_Marks
Student_684,6th Grade,50,37
Student_34,7th Grade,50,44
Student_1516,8th Grade,50,39
Student_963,8th Grade,50,48
Student_1889,7th Grade,25,20
Student_1816,8th Grade,50,37
Student_1852,6th Grade,50,44
Student_121,6th Grade,25,21
Student_1207,7th Grade,25,21
Student_247,8th Grade,25,20
Student_1744,6th Grade,50,29
Student_1060,8th Grade,100,35
Student_316,7th Grade,100,34
Student_5,6th Grade,100,73
Student_1493,7th Grade,100,91
Student_427,7th Grade,100,20
Student_1355,6th Grade,50,25
Student_1897,6th Grade,25,25
Student_1533,8th Grade,100,94
Student_1227,6th Grade,25,22
Student_296,7th Grade,25,21
Student_1913,7th Grade,50,38
Student_260,6th Grade,50,48
Student_1100,8th Grade,25,25
Student_1579,6th Grade,50,38
Student_440,8th Grade,50,28
Student_1787,8th Grade,50,25
Student_1425,6th Grade,100,73
Student_1545,7th Grade,50,30
Student_1219,8th Grade,100,46
Student_1506,7th Grade,50,26
Student_1659,6th Grade,25,21
Student_904,6th Grade,50,27
Student_488,6th Grade,50,27
Student_1159,6th Grade,50,38
Student_794,6th Grade,50,32
Student_1178,8th Grade,25,24
Student_1870,6th Grade,25,21
Student_478,7th Grade,50,25
Student_1883,8th Grade,25,21
Student_820,8th Grade,100,55
Student_1610,8th Grade,25,20
Student_1627,8th Grade,100,92
Student_1543,6th Grade,100,31
Student_1240,8th Grade,25,25
Student_252,8th Grade,100,29
Student_1330,8th Grade,50,34
Student_1785,8th Grade,50,45
Student_1828,7th Grade,100,59
Student_830,7th Grade,25,24
Student_1645,7th Grade,25,21
Student_1991,7th Grade,100,95
Student_1497,7th Grade,25,24
Student_491,7th Grade,100,83
Student_1064,8th Grade,100,78
Student_760,8th Grade,25,21
Student_1026,7th Grade,50,45
Student_40,8th Grade,100,43
Student_1769,7th Grade,25,24
Student_1606,7th Grade,100,47
Student_71,8th Grade,100,77
Student_896,7th Grade,100,28
Student_740,7th Grade,100,28
Student_1123,8th Grade,50,43
Student_533,8th Grade,25,20
Student_484,7th Grade,100,84
Student_772,6th Grade,50,43
Student_1239,7th Grade,25,23
Student_95,6th Grade,25,24
Student_1885,6th Grade,50,30
Student_1421,7th Grade,25,20
Student_1827,7th Grade,100,87
Student_480,8th Grade,100,68
Student_425,6th Grade,25,22
Student_1519,7th Grade,50,39
Student_1044,6th Grade,25,25
Student_699,6th Grade,100,59
Student_745,6th Grade,100,80
Student_301,8th Grade,50,30
Student_1458,7th Grade,100,68
Student_736,6th Grade,50,47
Student_622,7th Grade,50,46
Student_1341,6th Grade,100,75
Student_97,6th Grade,25,24
Student_786,6th Grade,100,48
Student_185,6th Grade,25,21
Student_721,7th Grade,25,21
Student_1840,6th Grade,50,22
Student_854,6th Grade,100,64
Student_412,7th Grade,50,39
Student_1199,8th Grade,100,47
Student_1283,6th Grade,25,23
Student_1130,6th Grade,25,21
Student_1703,7th Grade,100,88
Student_973,8th Grade,50,49
Student_1539,7th Grade,25,20
Student_1676,6th Grade,100,24
Student_960,6th Grade,50,28
Student_1004,8th Grade,25,25
Student_430,8th Grade,25,21
Student_1394,6th Grade,100,39
Student_370,8th Grade,25,23
Student_1111,6th Grade,25,24
Student_108,8th Grade,100,75
Student_1056,6th Grade,50,48
Student_1442,7th Grade,25,25
Student_1518,7th Grade,25,20
Student_1582,7th Grade,100,47
Student_734,7th Grade,100,58
Student_117,6th Grade,100,36
Student_497,7th Grade,100,62
Student_886,7th Grade,25,25
Student_1037,6th Grade,100,83
Student_1146,7th Grade,25,22
Student_190,8th Grade,100,89
Student_1731,7th Grade,50,34
Student_517,8th Grade,50,38
Student_1150,6th Grade,50,50
Student_1353,6th Grade,25,23
Student_1658,7th Grade,100,22
Student_848,6th Grade,50,42
Student_429,7th Grade,100,42
Student_1892,7th Grade,25,24
Student_140,6th Grade,25,20
Student_459,7th Grade,50,34
Student_761,6th Grade,50,50
Student_98,8th Grade,50,21
Student_1079,7th Grade,50,25
Student_656,7th Grade,100,20
Student_197,8th Grade,100,95
Student_472,7th Grade,100,80
Student_1824,8th Grade,100,56
Student_80,7th Grade,50,26
Student_1209,6th Grade,25,25
Student_1993,8th Grade,100,49
Student_1333,8th Grade,25,24
Student_408,7th Grade,25,20
Student_358,8th Grade,50,41
Student_1290,7th Grade,25,24
Student_461,6th Grade,50,23
Student_1839,6th Grade,50,50
Student_151,7th Grade,50,30
Student_866,8th Grade,100,52
Student_633,8th Grade,100,87
Student_906,6th Grade,25,21
,8th Grade,50,42
Student_1082,6th Grade,50,25
Student_305,6th Grade,100,95
Student_493,6th Grade,50,22
Student_620,8th Grade,25,25
Student_1713,7th Grade,25,22
Student_1358,6th Grade,25,21
Student_1524,8th Grade,50,20
Student_171,7th Grade,100,93
Student_1546,8th Grade,100,61
Student_1121,7th Grade,50,43
Student_755,7th Grade,50,47
Student_1500,6th Grade,100,80
Student_174,7th Grade,100,22
Student_588,6th Grade,25,20
Student_1667,6th Grade,50,20
Student_1279,8th Grade,25,24
Student_494,8th Grade,25,22
Student_774,8th Grade,50,47
Student_565,8th Grade,100,82
Student_127,8th Grade,50,30
Student_406,8th Grade,100,29
Student_251,8th Grade,100,64
Student_631,6th Grade,50,21
Student_1336,7th Grade,50,43
Student_1833,8th Grade,100,23
Student_1700,6th Grade,25,24
Student_1571,8th Grade,25,24
Student_391,7th Grade,100,35
Student_1471,6th Grade,100,32
Student_1966,7th Grade,100,21
Student_655,8th Grade,25,23
Student_322,8th Grade,25,23
Student_1147,6th Grade,50,32
Student_220,6th Grade,100,84
Student_312,8th Grade,50,40
Student_170,7th Grade,50,33
Student_1281,7th Grade,25,25
Student_32,8th Grade,100,29
Student_36,7th Grade,100,36
Student_826,8th Grade,25,24
Student_1293,7th Grade,25,22
Student_498,6th Grade,25,21
Student_1846,8th Grade,25,21
Student_1380,7th Grade,100,28
Student_1715,6th Grade,100,58
Student_965,6th Grade,25,21
Student_175,8th Grade,50,49
Student_1166,8th Grade,50,41
Student_1293,7th Grade,25,22
Student_674,7th Grade,100,34
Student_834,7th Grade,25,20
Student_129,8th Grade,100,72
Student_1812,6th Grade,25,24
Student_1871,7th Grade,100,37
Student_559,8th Grade,100,73
Student_1155,8th Grade,25,23
Student_1755,7th Grade,100,36
Student_1641,7th Grade,100,54
Student_1914,8th Grade,100,66
Student_917,8th Grade,50,35
Student_81,8th Grade,25,23
Student_1041,6th Grade,50,26
Student_1961,6th Grade,25,21
Student_658,8th Grade,25,23
Student_1267,7th Grade,50,25
Student_263,8th Grade,50,22
Student_50,7th Grade,50,39
Student_1862,6th Grade,100,64
Student_609,8th Grade,100,60
Student_1268,7th Grade,50,21
Student_120,7th Grade,100,76
Student_645,8th Grade,100,49
Student_958,6th Grade,100,70
Student_1754,6th Grade,100,32
Student_1269,8th Grade,100,55
Student_608,7th Grade,25,22
Student_1451,6th Grade,100,25
Student_1726,7th Grade,25,25
Student_1987,6th Grade,25,23
,7th Grade,25,24
Student_1704,7th Grade,50,28
,7th Grade,25,22
Student_1661,6th Grade,25,20
Student_724,6th Grade,50,42
Student_707,8th Grade,100,94
Student_206,8th Grade,50,23
Student_1062,7th Grade,50,44
Student_2,6th Grade,100,63
Student_650,8th Grade,100,64
Student_1893,7th Grade,50,41
Student_1890,8th Grade,50,28
Student_1161,8th Grade,100,94
Student_1270,6th Grade,25,25
Student_1847,8th Grade,25,23
Student_1001,8th Grade,50,41
Student_931,8th Grade,25,20
Student_1908,6th Grade,50,37
Student_423,6th Grade,50,28
Student_1905,7th Grade,50,31
,6th Grade,50,25
Student_610,7th Grade,50,41
Student_124,8th Grade,25,22
Student_1698,8th Grade,100,72
Student_1200,6th Grade,25,24
Student_1933,6th Grade,50,21
Student_1020,8th Grade,100,80
Student_1450,6th Grade,100,76
Student_18,7th Grade,25,21
Student_248,8th Grade,100,86
Student_46,8th Grade,25,23
Student_1157,8th Grade,50,46
Student_374,7th Grade,100,55
Student_336,6th Grade,50,23
Student_1834,6th Grade,25,24
Student_485,6th Grade,50,24
Student_652,6th Grade,100,26
Student_685,6th Grade,50,39
Student_347,6th Grade,50,43
Student_1370,7th Grade,100,81
Student_1457,8th Grade,25,23
Student_342,7th Grade,100,53
Student_1308,7th Grade,50,47
Student_1107,8th Grade,50,24
Student_792,8th Grade,100,90
Student_6,6th Grade,25,25
Student_1766,8th Grade,25,25
Student_1009,8th Grade,25,22
Student_581,6th Grade,100,88
Student_1618,7th Grade,25,23
Student_1995,6th Grade,50,35
Student_360,6th Grade,100,76
Student_1084,7th Grade,100,80
Student_937,7th Grade,100,84
Student_1745,6th Grade,25,24
Student_1660,7th Grade,25,24
Student_1968,8th Grade,25,22
,6th Grade,50,20
Student_590,7th Grade,100,90
Student_659,8th Grade,100,92
Student_1257,8th Grade,100,57
,7th Grade,25,24
Student_1523,8th Grade,25,25
Student_8,7th Grade,50,23
Student_1086,8th Grade,50,49
Student_1188,8th Grade,25,21
Student_1149,7th Grade,50,22
Student_1409,6th Grade,100,67
Student_189,7th Grade,50,31
Student_1198,7th Grade,50,42
Student_1351,6th Grade,100,45
Student_1017,7th Grade,50,50
Student_304,6th Grade,50,22
Student_27,6th Grade,100,43
Student_1557,8th Grade,25,24
Student_939,8th Grade,50,36
Student_282,8th Grade,50,45
Student_719,6th Grade,25,25
Student_573,8th Grade,100,36
Student_258,6th Grade,25,20
Student_1709,8th Grade,50,27
Student_1680,7th Grade,100,37
Student_424,6th Grade,100,85
Student_1252,6th Grade,25,22
Student_44,6th Grade,50,23
Student_1801,6th Grade,100,38
Student_1515,6th Grade,50,38
Student_981,8th Grade,100,25
Student_238,7th Grade,50,29
Student_1092,7th Grade,100,32
Student_1605,6th Grade,100,75
Student_1027,7th Grade,25,21
Student_1668,7th Grade,100,57
Student_998,8th Grade,100,86
Student_566,7th Grade,100,93
Student_1927,6th Grade,50,50
Student_1077,8th Grade,50,36
Student_663,6th Grade,50,25
Student_1573,6th Grade,50,21
Student_693,8th Grade,100,82
Student_1633,7th Grade,100,86
Student_1468,8th Grade,25,25
Student_1083,6th Grade,100,86
Student_1615,8th Grade,25,23
Student_473,8th Grade,100,23
Student_1091,8th Grade,25,25
Student_1740,8th Grade,25,20
Student_1099,7th Grade,25,23
Student_1664,8th Grade,50,39
Student_851,7th Grade,25,23
Student_341,6th Grade,25,22
Student_1287,8th Grade,50,33
Student_397,7th Grade,25,22
Student_1321,8th Grade,50,26
Student_1042,8th Grade,100,28
Student_642,6th Grade,100,67
Student_1791,8th Grade,50,37
Student_1699,6th Grade,50,42
Student_107,6th Grade,100,24
Student_1382,7th Grade,50,32
Student_78,8th Grade,25,23
Student_1366,8th Grade,100,59
Student_1088,6th Grade,50,47
Student_1472,7th Grade,100,64
Student_698,6th Grade,25,21
Student_1192,8th Grade,25,23
Student_577,6th Grade,25,24
Student_575,7th Grade,50,25
Student_1265,6th Grade,100,56
Student_1275,7th Grade,50,27
Student_1634,6th Grade,50,43
Student_1217,7th Grade,50,48
Student_163,7th Grade,50,24
Student_1072,6th Grade,25,21
Student_180,6th Grade,50,32
Student_451,6th Grade,50,31
Student_534,8th Grade,50,47
Student_889,6th Grade,50,34
Student_1288,7th Grade,100,81
Student_591,8th Grade,25,22
Student_762,6th Grade,25,25
Student_695,6th Grade,100,88
Student_383,6th Grade,25,22
Student_923,7th Grade,25,24
Student_828,7th Grade,100,25
Student_543,8th Grade,100,38
Student_1677,8th Grade,25,25
Student_1527,6th Grade,50,28
Student_1775,7th Grade,25,25
Student_1820,7th Grade,25,24
Student_1831,6th Grade,50,35
Student_1502,8th Grade,25,21
Student_30,8th Grade,25,23
Student_1950,8th Grade,25,22
Student_1372,6th Grade,100,36
Student_1748,8th Grade,25,25
Student_750,7th Grade,50,25
Student_1249,6th Grade,50,37
Student_980,8th Grade,50,41
Student_1540,8th Grade,100,76
Student_576,6th Grade,50,45
Student_1186,6th Grade,25,22
Student_1753,8th Grade,100,36
Student_1174,7th Grade,25,22
Student_1710,8th Grade,100,79
Student_1478,7th Grade,100,100
Student_1324,8th Grade,100,53
Student_1023,8th Grade,100,44
Student_1815,6th Grade,50,30
Student_109,6th Grade,25,23
Student_519,6th Grade,25,23
Student_1202,6th Grade,100,78
Student_987,6th Grade,50,39
Student_1291,8th Grade,25,22
Student_435,7th Grade,50,36
Student_1415,6th Grade,50,44
Student_1012,7th Grade,100,21
Student_1291,8th Grade,25,22
Student_643,7th Grade,100,40
Student_1040,8th Grade,100,78
Student_898,7th Grade,25,20
Student_1529,8th Grade,50,34
Student_678,6th Grade,100,45
Student_1461,8th Grade,25,24
Student_1320,8th Grade,25,21
Student_1721,6th Grade,25,24
Student_1599,6th Grade,50,28
Student_974,7th Grade,25,20
Student_1742,6th Grade,50,29
Student_863,8th Grade,50,37
Student_1756,6th Grade,100,57
Student_1311,7th Grade,100,68
Student_583,8th Grade,50,45
Student_1299,7th Grade,50,24
Student_1510,8th Grade,50,40
Student_1612,6th Grade,25,21
Student_135,8th Grade,25,23
Student_841,7th Grade,25,22
Student_1598,7th Grade,100,100
Student_1364,7th Grade,100,83
Student_1089,6th Grade,50,40
Student_1917,8th Grade,100,49
Student_375,7th Grade,25,20
Student_523,7th Grade,50,49
Student_686,6th Grade,50,32
Student_1741,6th Grade,100,82
Student_781,6th Grade,50,37
Student_70,6th Grade,50,42
Student_241,6th Grade,100,61
Student_1447,6th Grade,100,91
Student_294,6th Grade,25,20
Student_1053,7th Grade,100,61
Student_704,6th Grade,100,81
Student_1381,8th Grade,25,25
Student_539,7th Grade,50,46
Student_319,7th Grade,100,38
Student_727,6th Grade,50,33
Student_1707,6th Grade,100,21
Student_351,8th Grade,25,25
Student_1919,6th Grade,25,23
Student_871,8th Grade,25,21
Student_908,8th Grade,25,24
,6th Grade,100,25
Student_1085,7th Grade,50,20
Student_971,8th Grade,25,24
Student_1508,8th Grade,100,32
Student_1234,7th Grade,50,20
Student_741,7th Grade,50,37
Student_1413,7th Grade,25,23
Student_15,7th Grade,25,20
Student_1977,8th Grade,100,62
Student_187,8th Grade,50,50
Student_862,8th Grade,50,31
Student_607,7th Grade,100,39
Student_1858,6th Grade,100,88
Student_501,7th Grade,25,23
Student_1980,7th Grade,100,100
Student_1989,7th Grade,50,48
Student_194,6th Grade,25,22
Student_269,7th Grade,50,36
Student_676,8th Grade,100,92
Student_1747,7th Grade,25,25
Student_160,8th Grade,25,21
Student_1322,8th Grade,50,31
Student_490,6th Grade,50,35
Student_1868,8th Grade,100,42
Student_1148,8th Grade,50,46
Student_1978,8th Grade,100,36
Student_857,7th Grade,50,27
Student_586,6th Grade,50,36
Student_641,6th Grade,25,22
Student_797,6th Grade,25,22
Student_384,7th Grade,25,22
Student_1212,7th Grade,100,57
Student_580,7th Grade,25,20
Student_93,6th Grade,100,23
Student_362,8th Grade,25,25
Student_373,8th Grade,25,22
Student_1997,8th Grade,25,21
Student_1939,6th Grade,50,41
Student_1549,7th Grade,100,30
Student_563,6th Grade,100,43
Student_1059,6th Grade,50,41
Student_1808,7th Grade,100,54
Student_1943,6th Grade,100,83
Student_529,7th Grade,25,20
Student_74,7th Grade,50,44
Student_283,8th Grade,50,32
Student_515,6th Grade,50,42
Student_766,8th Grade,100,96
Student_72,7th Grade,100,26
Student_1585,7th Grade,25,24
Student_399,8th Grade,50,29
Student_1566,8th Grade,25,20
Student_571,8th Grade,25,24
Student_1711,7th Grade,50,38
Student_1538,8th Grade,100,97
Student_1953,7th Grade,100,37
Student_1167,8th Grade,50,25
Student_172,7th Grade,100,65
Student_1601,7th Grade,50,33
Student_1301,8th Grade,25,20
Student_207,7th Grade,50,31
Student_1955,8th Grade,100,78
Student_1577,7th Grade,100,36
Student_451,6th Grade,50,31
Student_346,6th Grade,100,72
Student_526,6th Grade,25,24
Student_1309,8th Grade,25,24
Student_1095,6th Grade,25,25
Student_625,6th Grade,100,67
Student_1385,7th Grade,100,95
Student_1118,8th Grade,50,35
Student_1771,6th Grade,50,50
Student_1926,6th Grade,50,42
Student_572,6th Grade,50,29
Student_389,6th Grade,50,41
Student_1297,7th Grade,100,70
Student_1289,6th Grade,50,30
Student_1685,8th Grade,100,42
Student_1918,6th Grade,100,44
Student_946,8th Grade,25,24
Student_1958,8th Grade,50,25
Student_355,6th Grade,100,76
Student_89,7th Grade,100,91
Student_511,8th Grade,100,26
Student_1880,8th Grade,50,46
Student_126,6th Grade,50,38
Student_895,7th Grade,25,24
Student_1576,6th Grade,50,46
Student_1505,6th Grade,25,25
Student_636,6th Grade,25,21
Student_1255,6th Grade,25,23
Student_1503,6th Grade,25,25
Student_492,7th Grade,100,81
Student_787,6th Grade,25,24
Student_364,7th Grade,50,48
Student_365,8th Grade,100,22
Student_148,8th Grade,50,39
Student_832,7th Grade,100,58
Student_1797,7th Grade,25,24
Student_1822,8th Grade,25,21
Student_417,7th Grade,100,84
Student_1670,8th Grade,50,45
Student_300,7th Grade,100,88
Student_954,8th Grade,50,28
Student_1113,8th Grade,50,22
Student_933,8th Grade,25,21
Student_970,7th Grade,50,30
Student_725,6th Grade,100,27
Student_209,6th Grade,50,48
Student_52,6th Grade,100,47
Student_1081,8th Grade,100,86
Student_1189,8th Grade,25,24
Student_400,8th Grade,25,21
Student_469,6th Grade,25,20
Student_279,6th Grade,25,21
Student_812,7th Grade,50,50
Student_1013,6th Grade,50,49
Student_41,6th Grade,50,48
Student_122,8th Grade,25,20
Student_329,6th Grade,25,24
Student_983,7th Grade,50,34
Student_1592,7th Grade,25,23
Student_1244,8th Grade,50,48
Student_111,8th Grade,100,94
Student_483,7th Grade,50,40
Student_616,6th Grade,50,40
Student_1393,8th Grade,50,27
Student_1581,7th Grade,25,25
Student_1609,8th Grade,50,37
Student_1482,6th Grade,25,20
Student_1807,8th Grade,25,23
Student_569,8th Grade,50,27
Student_825,8th Grade,50,40
Student_1477,6th Grade,50,32
Student_508,8th Grade,25,20
Student_10,8th Grade,50,47
Student_579,6th Grade,25,25
Student_1829,7th Grade,25,22
Student_361,7th Grade,50,29
Student_1271,6th Grade,100,45
Student_292,6th Grade,25,21
Student_840,6th Grade,100,99
Student_102,8th Grade,50,34
Student_131,8th Grade,100,47
Student_1285,6th Grade,50,42
Student_1109,6th Grade,25,25
Student_611,8th Grade,25,23
Student_272,7th Grade,100,36
Student_806,8th Grade,50,43
Student_61,7th Grade,50,34
Student_55,7th Grade,50,31
Student_868,8th Grade,25,20
Student_1784,7th Grade,25,24
Student_672,8th Grade,100,44
Student_1331,8th Grade,25,24
Student_33,7th Grade,100,54
Student_714,7th Grade,50,50
Student_66,7th Grade,50,25
Student_313,8th Grade,50,33
Student_662,6th Grade,50,29
Student_564,8th Grade,25,21
Student_157,8th Grade,25,22
Student_1054,6th Grade,100,95
Student_1426,8th Grade,100,23
Student_1124,8th Grade,25,24
Student_1108,8th Grade,50,50
Student_64,7th Grade,50,21
Student_1974,7th Grade,25,23
Student_1094,7th Grade,50,23
Student_199,7th Grade,25,24
Student_1422,7th Grade,50,47
Student_1075,7th Grade,100,37
Student_1804,6th Grade,100,100
Student_1087,6th Grade,100,64
Student_255,6th Grade,25,22
Student_1141,8th Grade,100,80
Student_1999,8th Grade,25,24
Student_1552,8th Grade,50,20
Student_246,8th Grade,25,22
Student_307,6th Grade,50,38
Student_1525,7th Grade,25,20
Student_1653,8th Grade,100,74
Student_1140,8th Grade,100,62
Student_1786,7th Grade,100,39
Student_722,8th Grade,25,25
Student_334,8th Grade,50,27
Student_1907,6th Grade,50,20
Student_1911,7th Grade,100,92
Student_1156,6th Grade,25,22
Student_959,6th Grade,50,41
Student_1853,8th Grade,100,99
Student_264,8th Grade,50,39
Student_1386,8th Grade,25,20
Student_1359,8th Grade,100,50
Student_720,8th Grade,25,22
Student_624,6th Grade,100,92
Student_1276,8th Grade,25,22
Student_906,6th Grade,25,21
Student_1967,6th Grade,50,45
Student_1532,6th Grade,50,22
Student_1263,8th Grade,25,24
Student_352,6th Grade,50,40
Student_143,7th Grade,100,65
Student_1079,7th Grade,50,25
Student_368,8th Grade,50,34
Student_142,8th Grade,100,50
Student_964,6th Grade,100,38
Student_1990,8th Grade,100,66
Student_986,6th Grade,25,23
Student_245,6th Grade,50,24
Student_864,8th Grade,100,41
Student_1702,6th Grade,25,24
Student_1734,6th Grade,25,20
Student_669,6th Grade,100,73
Student_1778,6th Grade,50,45
Student_1904,6th Grade,100,79
Student_1642,8th Grade,100,95
Student_1863,7th Grade,100,42
Student_1988,7th Grade,50,41
Student_614,8th Grade,100,85
Student_410,7th Grade,25,23
Student_77,7th Grade,50,40
Student_76,7th Grade,25,22
Student_1962,8th Grade,25,23
Student_73,7th Grade,50,39
Student_988,7th Grade,25,20
Student_205,7th Grade,50,25
Student_1909,6th Grade,50,36
Student_1947,8th Grade,25,20
Student_436,7th Grade,100,53
Student_1589,8th Grade,50,45
Student_836,8th Grade,50,24
Student_1250,8th Grade,100,52
Student_1345,7th Grade,100,47
Student_667,6th Grade,100,93
Student_4,8th Grade,25,23
Student_648,6th Grade,100,47
Student_879,6th Grade,50,28
Student_1574,7th Grade,25,22
Student_291,7th Grade,25,24
Student_795,7th Grade,50,34
,6th Grade,25,23
Student_1800,7th Grade,100,34
Student_1611,6th Grade,25,23
Student_1278,8th Grade,50,39
Student_1708,6th Grade,25,20
Student_1866,7th Grade,25,21
Student_465,8th Grade,25,23
Student_1857,8th Grade,100,37
Student_3,8th Grade,100,40
Student_1902,7th Grade,100,22
,8th Grade,25,25
Student_19,7th Grade,25,24
Student_1194,6th Grade,100,43
Student_938,8th Grade,100,81
Student_771,7th Grade,100,73
Student_1348,8th Grade,25,24
Student_1851,6th Grade,25,24
Student_1940,6th Grade,100,64
Student_682,7th Grade,100,60
Student_891,6th Grade,100,47
Student_31,7th Grade,50,33
Student_310,6th Grade,25,21
,7th Grade,100,82
Student_726,6th Grade,100,70
Student_1218,8th Grade,50,37
Student_949,6th Grade,50,45
Student_1686,7th Grade,100,83
Student_285,6th Grade,25,23
Student_747,6th Grade,25,22
Student_1344,8th Grade,50,26
Student_331,6th Grade,50,22
Student_450,6th Grade,50,36
Student_1526,6th Grade,100,71
Student_1438,6th Grade,100,86
Student_1772,8th Grade,50,40
Student_1607,7th Grade,50,20
Student_550,8th Grade,50,23
Student_1749,8th Grade,25,22
Student_2000,8th Grade,50,39
Student_382,8th Grade,100,44
Student_1752,6th Grade,25,20
Student_1758,8th Grade,100,97
Student_66,7th Grade,50,25
Student_705,7th Grade,25,21
Student_882,8th Grade,100,30
Student_1935,7th Grade,100,94
Student_156,8th Grade,100,57
Student_378,6th Grade,25,21
Student_680,7th Grade,100,36
Student_1536,7th Grade,25,23
Student_1352,8th Grade,50,41
Student_112,7th Grade,50,34
Student_297,7th Grade,25,24
Student_456,8th Grade,25,20
Student_482,7th Grade,50,38
Student_1644,6th Grade,25,23
Student_416,6th Grade,50,24
Student_1412,7th Grade,50,42
Student_1876,6th Grade,50,39
Student_419,8th Grade,25,20
Student_1129,6th Grade,25,21
Student_1406,8th Grade,50,47
Student_1028,7th Grade,25,24
Student_144,7th Grade,25,21
Student_1588,8th Grade,50,41
Student_729,6th Grade,50,36
Student_525,6th Grade,25,22
Student_1402,6th Grade,100,95
Student_1126,7th Grade,50,27
Student_681,6th Grade,50,30
Student_899,7th Grade,100,81
Student_538,7th Grade,50,43
Student_159,6th Grade,25,24
Student_531,8th Grade,25,20
Student_1433,8th Grade,25,25
Student_941,7th Grade,25,20
Student_912,6th Grade,25,24
Student_1678,7th Grade,100,66
Student_1922,6th Grade,25,25
Student_1231,8th Grade,25,21
Student_901,8th Grade,25,22
Student_153,8th Grade,100,73
Student_414,7th Grade,25,20
Student_1144,7th Grade,100,80
Student_1600,6th Grade,100,79
Student_179,6th Grade,25,23
Student_509,7th Grade,25,24
Student_1776,8th Grade,25,24
Student_145,6th Grade,50,45
Student_1213,8th Grade,100,44
Student_1759,8th Grade,25,24
Student_602,8th Grade,25,21
Student_1489,6th Grade,50,46
Student_1594,8th Grade,25,24
Student_1941,6th Grade,100,26
Student_1900,8th Grade,100,30
Student_68,7th Grade,100,44
Student_759,8th Grade,50,37
Student_1045,7th Grade,50,48
Student_671,6th Grade,50,22
Student_1501,8th Grade,50,35
Student_1220,8th Grade,50,42
Student_154,8th Grade,50,20
Student_877,6th Grade,100,55
Student_178,7th Grade,50,27
Student_1462,7th Grade,25,24
Student_276,6th Grade,50,46
Student_1434,7th Grade,100,82
Student_629,6th Grade,25,22
Student_1201,7th Grade,100,82
Student_1575,6th Grade,100,47
Student_1374,6th Grade,25,21
Student_147,8th Grade,100,24
Student_114,8th Grade,25,23
Student_325,8th Grade,25,22
Student_1879,8th Grade,50,43
Student_330,8th Grade,100,20
Student_1340,7th Grade,50,27
Student_1479,7th Grade,100,73
Student_1376,7th Grade,50,42
Student_306,7th Grade,100,45
Student_432,8th Grade,50,48
Student_584,6th Grade,50,39
Student_890,7th Grade,50,49
Student_1,8th Grade,50,31
Student_903,7th Grade,50,29
Student_930,7th Grade,25,21
Student_544,6th Grade,50,41
Student_1509,6th Grade,100,62
Student_350,8th Grade,100,88
Student_1620,7th Grade,50,32
Student_1638,7th Grade,50,46
Student_278,8th Grade,25,20
Student_586,6th Grade,50,36
Student_43,8th Grade,25,20
Student_1181,8th Grade,50,23
Student_458,7th Grade,25,21
Student_460,6th Grade,50,23
Student_1860,8th Grade,50,47
Student_265,7th Grade,100,39
Student_1049,8th Grade,25,24
Student_1602,6th Grade,50,38
Student_54,6th Grade,100,77
Student_1025,6th Grade,25,20
Student_132,6th Grade,50,30
Student_1258,7th Grade,25,22
Student_1430,6th Grade,50,32
Student_1688,6th Grade,50,27
Student_1379,7th Grade,25,21
Student_479,6th Grade,25,20
Student_542,7th Grade,100,69
Student_710,8th Grade,25,25
Student_1550,8th Grade,25,22
Student_1894,8th Grade,50,43
Student_1179,7th Grade,100,29
Student_1367,8th Grade,100,43
,8th Grade,25,20
Student_1441,7th Grade,50,32
Student_495,7th Grade,100,95
Student_593,7th Grade,100,29
Student_1193,7th Grade,100,67
Student_945,8th Grade,50,34
Student_1779,6th Grade,50,36
Student_1796,7th Grade,25,25
Student_1403,7th Grade,25,23
Student_1074,6th Grade,100,42
Student_796,6th Grade,25,23
Student_651,8th Grade,50,23
Student_1492,8th Grade,50,33
Student_1636,6th Grade,25,22
Student_619,7th Grade,25,22
Student_1411,6th Grade,50,35
Student_1838,8th Grade,50,21
Student_535,6th Grade,25,25
Student_735,8th Grade,100,79
Student_961,6th Grade,50,26
Student_1780,8th Grade,50,42
Student_1761,7th Grade,50,22
Student_1896,7th Grade,50,22
Student_1073,8th Grade,50,31
Student_513,8th Grade,25,22
Student_333,6th Grade,50,46
Student_888,7th Grade,50,41
Student_1530,7th Grade,25,20
Student_694,8th Grade,25,20
Student_266,7th Grade,25,24
Student_885,7th Grade,50,42
Student_1203,7th Grade,100,24
Student_1463,7th Grade,100,81
Student_965,6th Grade,25,21
Student_1029,8th Grade,50,35
Student_1622,6th Grade,50,50
Student_1912,7th Grade,25,21
Student_1310,7th Grade,100,31
Student_343,8th Grade,25,20
Student_138,8th Grade,100,73
Student_317,7th Grade,100,27
Student_188,8th Grade,50,47
Student_951,8th Grade,100,44
Student_1662,6th Grade,25,23
Student_277,8th Grade,100,87
Student_1781,7th Grade,100,53
Student_1168,7th Grade,50,50
Student_679,6th Grade,100,38
Student_1038,7th Grade,100,63
Student_522,6th Grade,50,31
Student_1697,8th Grade,100,24
Student_1254,6th Grade,25,25
Student_1798,8th Grade,100,26
Student_1853,8th Grade,100,99
Student_1043,8th Grade,25,23
Student_742,7th Grade,50,43
Student_104,6th Grade,50,45
Student_927,7th Grade,50,26
Student_1467,8th Grade,100,50
Student_470,8th Grade,50,33
Student_208,8th Grade,50,38
Student_1928,6th Grade,25,20
Student_1460,8th Grade,50,50
Student_28,8th Grade,50,21
Student_955,7th Grade,25,20
Student_1751,8th Grade,25,25
Student_1106,8th Grade,25,20
Student_1176,7th Grade,25,22
Student_1743,8th Grade,25,25
Student_847,8th Grade,100,56
Student_1951,7th Grade,100,94
Student_420,7th Grade,100,70
Student_1663,7th Grade,50,36
Student_14,8th Grade,100,76
Student_442,8th Grade,25,25
Student_349,6th Grade,50,32
Student_1435,6th Grade,50,25
Student_1969,8th Grade,100,46
Student_287,6th Grade,100,78
Student_1122,7th Grade,100,78
Student_1338,8th Grade,100,30
Student_953,6th Grade,50,47
Student_1610,8th Grade,25,20
Student_1248,7th Grade,25,23
Student_817,8th Grade,100,74
Student_893,6th Grade,100,91
Student_1959,6th Grade,100,76
Student_9,8th Grade,50,40
Student_191,6th Grade,50,28
Student_1325,6th Grade,100,39
Student_1362,7th Grade,25,25
Student_902,6th Grade,50,22
Student_948,8th Grade,100,51
Student_281,8th Grade,25,21
Student_1369,6th Grade,25,23
Student_1617,7th Grade,50,28
Student_568,6th Grade,50,44
Student_1084,7th Grade,100,80
Student_215,7th Grade,100,53
Student_553,6th Grade,25,23
Student_1823,8th Grade,50,33
Student_918,6th Grade,100,96
Student_1855,8th Grade,100,49
Student_1371,7th Grade,50,42
Student_837,8th Grade,100,61
Student_1241,7th Grade,25,25
,7th Grade,25,20
Student_1596,7th Grade,25,21
Student_982,6th Grade,50,31
Student_393,6th Grade,50,40
Student_597,8th Grade,25,21
Student_1051,7th Grade,100,55
Student_833,7th Grade,100,41
Student_1972,7th Grade,50,50
Student_637,6th Grade,100,29
Student_547,6th Grade,50,21
Student_540,7th Grade,100,52
Student_201,6th Grade,50,37
Student_1069,7th Grade,50,30
Student_570,6th Grade,100,81
Student_545,8th Grade,100,88
Student_1112,6th Grade,50,40
Student_1057,6th Grade,100,32
Student_1696,6th Grade,100,83
Student_765,6th Grade,25,20
Student_1361,8th Grade,100,65
Student_1183,6th Grade,50,48
Student_1665,7th Grade,100,81
Student_1597,6th Grade,100,51
Student_37,8th Grade,25,23
Student_644,6th Grade,100,41
Student_504,7th Grade,25,21
Student_920,8th Grade,25,24
Student_1135,7th Grade,25,24
Student_505,6th Grade,50,43
Student_1134,6th Grade,25,25
Student_82,6th Grade,50,34
Student_1096,6th Grade,50,29
Student_532,7th Grade,50,24
Student_1007,7th Grade,50,47
Student_1210,7th Grade,50,36
Student_578,7th Grade,25,23
Student_673,6th Grade,50,47
Student_381,7th Grade,50,49
Student_957,7th Grade,25,20
Student_1655,7th Grade,50,41
Student_1445,6th Grade,100,41
Student_1723,6th Grade,50,41
Student_1794,6th Grade,25,20
Student_1455,8th Grade,25,22
Student_1389,6th Grade,100,98
Student_125,8th Grade,100,64
Student_1832,6th Grade,50,49
Student_211,6th Grade,100,36
Student_487,7th Grade,25,25
Student_549,6th Grade,50,26
Student_1701,8th Grade,25,22
Student_897,6th Grade,50,34
Student_1274,6th Grade,25,23
Student_1960,8th Grade,100,66
Student_464,6th Grade,100,62
Student_7,8th Grade,25,20
Student_57,8th Grade,25,25
Student_638,6th Grade,50,40
Student_48,6th Grade,25,25
Student_723,6th Grade,25,20
Student_646,8th Grade,50,44
Student_1595,8th Grade,50,39
Student_167,7th Grade,50,41
Student_299,7th Grade,100,87
Student_1446,8th Grade,100,57
Student_1586,7th Grade,25,22
Student_1964,7th Grade,50,32
Student_150,6th Grade,25,20
Student_1583,8th Grade,100,85
Student_1768,7th Grade,100,46
Student_452,6th Grade,100,66
Student_557,6th Grade,100,33
Student_168,6th Grade,50,49
Student_1924,7th Grade,100,77
Student_1131,7th Grade,100,27
Student_979,7th Grade,100,27
Student_1197,6th Grade,50,21
Student_1365,8th Grade,100,29
Student_110,7th Grade,100,69
Student_802,7th Grade,100,87
Student_91,6th Grade,25,25
Student_1513,8th Grade,25,20
Student_1541,6th Grade,25,22
Student_743,8th Grade,100,78
Student_1692,7th Grade,25,23
Student_670,8th Grade,50,37
Student_1052,6th Grade,100,81
Student_106,8th Grade,100,28
Student_1414,6th Grade,25,22
Student_1473,8th Grade,100,61
Student_1474,6th Grade,100,68
Student_26,6th Grade,25,24
Student_426,8th Grade,100,89
Student_800,8th Grade,50,24
Student_554,6th Grade,25,25
Student_431,8th Grade,100,58
Student_1105,6th Grade,50,27
Student_910,8th Grade,25,21
Student_1420,6th Grade,100,96
Student_1397,8th Grade,50,40
Student_42,8th Grade,50,30
Student_1170,8th Grade,25,21
Student_947,6th Grade,25,24
Student_587,8th Grade,50,46
Student_1120,8th Grade,25,20
Student_1400,7th Grade,25,20
Student_1733,6th Grade,25,23
Student_438,6th Grade,25,20
Student_1432,6th Grade,50,46
Student_1256,8th Grade,50,49
Student_956,7th Grade,100,99
Student_24,7th Grade,25,25
Student_865,8th Grade,50,41
Student_790,7th Grade,100,40
Student_1266,6th Grade,100,68
Student_88,6th Grade,25,20
Student_1377,7th Grade,50,29
Student_1983,7th Grade,50,27
Student_467,6th Grade,100,97
Student_1865,8th Grade,100,25
Student_1375,8th Grade,25,20
Student_290,8th Grade,25,20
Student_1683,6th Grade,25,22
Student_1635,6th Grade,100,24
Student_606,6th Grade,100,48
Student_1272,8th Grade,25,22
Student_1067,6th Grade,100,29
Student_994,8th Grade,50,32
Student_1793,7th Grade,100,36
Student_1706,8th Grade,50,35
Student_600,6th Grade,50,25
Student_1280,7th Grade,25,21
Student_911,8th Grade,50,38
Student_71,8th Grade,100,77
Student_1844,7th Grade,50,26
Student_1081,8th Grade,100,86
Student_1848,8th Grade,50,38
Student_628,7th Grade,50,23
Student_1973,7th Grade,50,27
Student_1172,8th Grade,25,23
Student_198,8th Grade,100,30
Student_1343,8th Grade,50,29
Student_811,6th Grade,25,24
Student_1792,8th Grade,50,23
Student_386,7th Grade,25,20
Student_1979,8th Grade,50,50
Student_1651,7th Grade,100,23
Student_1572,6th Grade,25,22
Student_184,6th Grade,50,32
Student_314,7th Grade,50,23
Student_1996,6th Grade,100,33
Student_1396,7th Grade,50,46
Student_268,8th Grade,50,22
Student_779,8th Grade,100,97
Student_1578,6th Grade,25,25
Student_548,7th Grade,100,66
Student_1624,6th Grade,25,22
Student_739,7th Grade,25,24
Student_966,7th Grade,100,60
Student_253,8th Grade,100,28
Student_1292,8th Grade,50,34
Student_176,6th Grade,100,25
Student_51,7th Grade,50,42
Student_858,6th Grade,50,40
Student_1475,8th Grade,50,39
Student_873,6th Grade,25,25
Student_945,8th Grade,50,34
Student_434,7th Grade,25,20
Student_390,6th Grade,100,58
Student_1929,7th Grade,25,20
Student_134,7th Grade,100,68
Student_1225,6th Grade,50,24
Student_1558,6th Grade,100,59
Student_249,7th Grade,25,23
Student_1556,7th Grade,50,40
Student_1614,6th Grade,50,25
Student_887,6th Grade,100,38
Student_1765,8th Grade,100,80
Student_972,6th Grade,50,33
Student_1274,6th Grade,25,23
Student_356,8th Grade,50,48
Student_1928,6th Grade,25,20
Student_892,6th Grade,100,43
Student_1982,7th Grade,25,24
Student_202,7th Grade,100,38
Student_1568,8th Grade,25,22
Student_203,6th Grade,100,74
Student_448,8th Grade,25,20
Student_1942,7th Grade,25,20
Student_1295,7th Grade,25,20
Student_808,7th Grade,100,42
Student_1191,6th Grade,100,44
Student_1802,7th Grade,25,22
Student_477,6th Grade,50,38
Student_12,8th Grade,50,22
Student_462,6th Grade,100,37
Student_703,6th Grade,100,86
Student_1915,8th Grade,50,24
Student_1570,8th Grade,25,20
Student_751,8th Grade,50,45
Student_377,6th Grade,100,32
Student_411,6th Grade,50,35
Student_1931,7th Grade,25,22
Student_730,7th Grade,50,28
Student_1429,7th Grade,100,44
Student_1115,7th Grade,100,79
Student_1327,6th Grade,100,29
Student_558,6th Grade,100,38
Student_1184,7th Grade,50,50
Student_1517,6th Grade,50,34
Student_1875,6th Grade,50,29
Student_353,8th Grade,50,49
Student_275,6th Grade,100,72
Student_747,6th Grade,25,22
Student_520,8th Grade,50,20
Student_413,7th Grade,50,34
Student_632,7th Grade,25,24
Student_1332,6th Grade,100,22
Student_149,6th Grade,25,23
Student_1728,8th Grade,50,26
Student_1417,7th Grade,100,32
Student_1080,6th Grade,50,44
Student_270,6th Grade,50,26
Student_1405,6th Grade,50,38
Student_585,6th Grade,100,60
Student_666,7th Grade,25,20
Student_601,6th Grade,50,41
Student_1881,7th Grade,50,50
Student_1998,7th Grade,50,26
Student_1553,8th Grade,100,51
Student_1562,6th Grade,50,32
Student_514,6th Grade,100,35
Student_1208,6th Grade,100,23
Student_1404,8th Grade,50,25
Student_1431,6th Grade,100,51
Student_375,7th Grade,25,20
Student_922,7th Grade,50,48
Student_997,7th Grade,100,83
Student_932,8th Grade,25,22
Student_1956,7th Grade,25,21
Student_1944,6th Grade,25,25
Student_475,7th Grade,100,78
Student_799,8th Grade,50,23
Student_1722,6th Grade,25,24
Student_1669,8th Grade,100,34
Student_1392,6th Grade,25,20
Student_340,7th Grade,25,23
Student_869,8th Grade,25,25
Student_449,8th Grade,50,50
Student_481,6th Grade,100,59
Student_139,8th Grade,100,79
Student_92,6th Grade,100,78
Student_1034,7th Grade,50,22
Student_530,6th Grade,100,25
Student_627,8th Grade,100,78
Student_193,6th Grade,100,67
Student_1560,8th Grade,100,69
Student_1946,7th Grade,25,23
Student_1616,6th Grade,50,46
Student_1469,8th Grade,100,41
Student_165,7th Grade,50,25
Student_1593,8th Grade,25,21
Student_359,7th Grade,25,25
Student_875,8th Grade,50,34
Student_276,6th Grade,50,46
Student_615,8th Grade,25,25
Student_573,8th Grade,100,36
Student_984,6th Grade,50,44
Student_715,7th Grade,25,22
Student_962,7th Grade,100,97
Student_1690,6th Grade,100,29
Student_1101,7th Grade,25,23
Student_1247,8th Grade,25,21
Student_940,6th Grade,25,22
Student_805,7th Grade,100,46
Student_1891,6th Grade,25,22
Student_1021,8th Grade,100,98
Student_706,7th Grade,25,20
Student_29,8th Grade,100,100
Student_196,7th Grade,50,44
Student_1757,8th Grade,100,100
Student_527,8th Grade,50,46
Student_909,7th Grade,100,69
Student_1152,7th Grade,25,24
Student_989,6th Grade,100,68
Student_1459,7th Grade,25,22
Student_1906,8th Grade,100,33
Student_1695,8th Grade,100,80
Student_595,6th Grade,25,20
Student_653,7th Grade,100,68
Student_441,7th Grade,50,32
Student_447,7th Grade,50,22
Student_35,8th Grade,50,22
Student_1488,7th Grade,25,21
Student_11,8th Grade,25,22
Student_1318,6th Grade,100,30
Student_1319,6th Grade,25,21
Student_1569,8th Grade,100,30
Student_327,6th Grade,25,21
Student_94,8th Grade,25,22
Student_1874,7th Grade,50,24
Student_1233,6th Grade,25,22
Student_1604,8th Grade,25,23
Student_1646,6th Grade,50,34
Student_537,6th Grade,50,41
Student_311,6th Grade,25,24
Student_536,7th Grade,50,24
Student_293,8th Grade,100,84
Student_789,6th Grade,100,93
Student_49,7th Grade,25,20
Student_1153,6th Grade,25,24
Student_823,7th Grade,25,20
Student_878,7th Grade,50,21
Student_1401,6th Grade,100,82
Student_1162,6th Grade,25,25
Student_1363,8th Grade,100,88
Student_1640,8th Grade,100,34
Student_683,7th Grade,100,61
Student_944,8th Grade,25,22
Student_692,6th Grade,50,34
Student_914,7th Grade,100,20
Student_1623,6th Grade,50,21
Student_1224,6th Grade,25,23
Student_784,7th Grade,25,25
Student_262,7th Grade,50,36
Student_303,6th Grade,50,40
Student_83,7th Grade,100,70
Student_499,7th Grade,25,20
Student_181,6th Grade,100,52
Student_594,8th Grade,25,21
Student_323,7th Grade,25,25
Student_552,6th Grade,100,32
Student_1237,7th Grade,25,23
Student_204,7th Grade,100,45
Student_1621,7th Grade,25,20
Student_1419,8th Grade,100,25
Student_996,7th Grade,25,23
Student_1830,7th Grade,25,23
Student_1534,7th Grade,100,99
Student_489,8th Grade,100,32
Student_838,8th Grade,100,100
Student_870,8th Grade,25,22
Student_267,8th Grade,100,54
Student_1884,8th Grade,50,30
Student_1485,6th Grade,25,20
Student_315,8th Grade,50,42
Student_443,7th Grade,50,25
Student_219,6th Grade,25,25
Student_1132,8th Grade,25,22
Student_45,6th Grade,50,45
Student_1729,7th Grade,25,21
Student_852,6th Grade,50,34
Student_827,8th Grade,25,20
Student_1936,6th Grade,100,30
Student_1873,8th Grade,25,20
Student_128,6th Grade,50,32
Student_1068,6th Grade,50,31
Student_1925,8th Grade,25,25
Student_1236,7th Grade,100,90
Student_1449,7th Grade,100,81
Student_701,8th Grade,25,24
Student_1142,6th Grade,100,50
Student_1476,7th Grade,25,23
Student_23,7th Grade,25,21
Student_318,7th Grade,50,28
Student_1014,7th Grade,100,68
Student_113,6th Grade,100,51
Student_890,7th Grade,50,49
Student_967,8th Grade,25,24
Student_242,6th Grade,100,85
Student_1058,6th Grade,25,22
Student_1078,6th Grade,50,49
Student_161,8th Grade,50,40
Student_1559,7th Grade,25,25
Student_162,8th Grade,25,25
Student_1981,7th Grade,100,55
Student_1649,6th Grade,50,39
Student_39,6th Grade,50,39
Student_691,8th Grade,25,23
Student_1937,7th Grade,50,40
Student_1216,8th Grade,25,22
Student_1070,7th Grade,25,20
Student_1511,7th Grade,50,49
Student_221,6th Grade,25,22
Student_1986,8th Grade,50,23
Student_791,6th Grade,50,37
Student_133,6th Grade,100,84
Student_582,8th Grade,25,21
Student_604,8th Grade,100,74
Student_1684,8th Grade,25,25
Student_696,7th Grade,25,22
Student_394,6th Grade,100,73
Student_1428,8th Grade,50,27
Student_1750,7th Grade,100,99
Student_756,8th Grade,100,56
Student_1548,6th Grade,25,22
Student_96,6th Grade,25,20
Student_1608,6th Grade,100,61
Student_1342,7th Grade,100,79
Student_1273,6th Grade,100,91
Student_182,8th Grade,25,20
Student_230,8th Grade,50,41
Student_1920,6th Grade,100,44
Student_1187,6th Grade,25,21
Student_1674,7th Grade,25,20
Student_1849,6th Grade,50,26
Student_1850,7th Grade,25,21
Student_518,8th Grade,100,99
Student_224,7th Grade,50,46
Student_1691,6th Grade,50,44
Student_402,7th Grade,50,21
Student_1453,8th Grade,25,22
Student_1452,8th Grade,25,25
Student_688,6th Grade,25,20
Student_585,6th Grade,100,60
Student_79,8th Grade,100,96
Student_913,6th Grade,50,41
Student_503,8th Grade,50,42
Student_1356,7th Grade,50,50
Student_1719,6th Grade,50,50
Student_617,8th Grade,100,53
Student_861,7th Grade,100,25
Student_1205,8th Grade,50,40
Student_166,6th Grade,100,81
Student_1544,8th Grade,100,84
Student_1290,7th Grade,25,24
Student_1169,8th Grade,50,33
Student_1957,7th Grade,100,35
Student_20,7th Grade,100,63
Student_1138,6th Grade,25,23
Student_254,6th Grade,100,73
Student_635,7th Grade,50,38
Student_881,8th Grade,50,47
Student_1984,8th Grade,100,88
Student_1587,7th Grade,100,87
Student_1262,6th Grade,100,32
Student_1228,6th Grade,25,20
Student_810,7th Grade,25,24
Student_337,6th Grade,100,43
Student_1313,8th Grade,50,29
Student_603,6th Grade,25,22
Student_1076,8th Grade,50,49
Student_125,8th Grade,100,64
Student_392,8th Grade,100,41
Student_598,6th Grade,100,43
Student_1976,8th Grade,25,24
Student_1143,7th Grade,25,22
Student_1836,8th Grade,50,47
Student_62,6th Grade,25,25
Student_422,6th Grade,25,20
Student_839,7th Grade,25,23
Student_47,7th Grade,50,45
Student_99,6th Grade,25,21
Student_1395,7th Grade,25,21
Student_1323,8th Grade,100,77
Student_1631,6th Grade,50,27
Student_1521,7th Grade,100,72
Student_363,7th Grade,25,24
Student_1841,8th Grade,100,27
Student_1055,8th Grade,100,61
Student_621,6th Grade,50,34
Student_85,6th Grade,100,51
Student_1015,7th Grade,100,28
Student_1887,7th Grade,100,23
Student_665,7th Grade,50,25
Student_1903,6th Grade,25,20
Student_1294,7th Grade,50,40
Student_1047,7th Grade,100,36
Student_357,6th Grade,100,79
Student_1164,8th Grade,25,24
Student_1498,7th Grade,25,24
Student_1963,8th Grade,100,79
Student_744,6th Grade,100,21
Student_223,7th Grade,100,100
Student_1590,6th Grade,25,20
Student_626,7th Grade,50,25
Student_1580,7th Grade,100,75
Student_1945,7th Grade,50,21
Student_141,8th Grade,100,66
Student_130,7th Grade,25,23
Student_657,7th Grade,25,21
Student_664,7th Grade,50,35
Student_345,6th Grade,50,42
Student_1316,8th Grade,25,22
Student_1399,7th Grade,25,24
Student_1773,7th Grade,100,54
Student_1357,7th Grade,100,41
Student_1005,6th Grade,25,23
Student_354,6th Grade,100,60
Student_1819,6th Grade,50,23
Student_457,7th Grade,100,86
Student_1842,7th Grade,25,22
Student_90,6th Grade,100,64
Student_240,8th Grade,25,22
Student_574,6th Grade,25,21
Student_874,8th Grade,100,29
Student_231,8th Grade,100,63
Student_567,6th Grade,25,20
Student_1454,6th Grade,25,21
Student_640,8th Grade,50,41
Student_1632,8th Grade,100,29
Student_1720,6th Grade,100,83
Student_1654,6th Grade,100,20
Student_1019,7th Grade,25,21
Student_192,7th Grade,25,23
Student_1117,6th Grade,50,37
Student_1783,8th Grade,100,66
Student_22,6th Grade,50,40
Student_1104,7th Grade,100,47
Student_708,8th Grade,100,35
Student_855,6th Grade,100,36
Student_1982,7th Grade,25,24
Student_1119,8th Grade,100,25
Student_1204,8th Grade,50,38
Student_845,8th Grade,100,92
Student_1888,8th Grade,25,23
Student_1016,8th Grade,25,23
Student_780,6th Grade,25,25
Student_798,7th Grade,25,22
Student_1277,8th Grade,100,41
Student_900,6th Grade,50,20
Student_1666,6th Grade,25,24
Student_56,8th Grade,100,46
Student_385,8th Grade,25,25
Student_1384,6th Grade,50,37
Student_824,7th Grade,25,20
Student_1810,7th Grade,50,35
Student_218,8th Grade,100,27
Student_1639,8th Grade,50,35
Student_164,7th Grade,25,25
Student_630,7th Grade,50,47
Student_1470,8th Grade,100,23
Student_1035,7th Grade,50,24
Student_217,7th Grade,100,32
Student_177,8th Grade,25,24
Student_689,7th Grade,25,24
Student_1910,7th Grade,50,46
Student_1718,7th Grade,50,27
,7th Grade,25,20
Student_195,8th Grade,100,81
Student_233,8th Grade,25,24
Student_369,7th Grade,100,87
Student_969,7th Grade,25,22
Student_1416,6th Grade,100,81
Student_302,6th Grade,25,22
Student_239,8th Grade,50,50
Student_30,8th Grade,25,23
Student_1300,8th Grade,50,29
Student_65,7th Grade,50,24
Student_1856,7th Grade,25,21
Student_115,6th Grade,100,41
Student_778,6th Grade,100,22
Student_100,6th Grade,50,47
Student_853,7th Grade,100,42
Student_405,7th Grade,100,30
Student_675,6th Grade,100,23
Student_1137,6th Grade,25,22
Student_1564,8th Grade,50,41
Student_1033,6th Grade,100,100
Student_733,7th Grade,25,22
Student_976,6th Grade,100,70
Student_1398,7th Grade,50,37
Student_308,8th Grade,25,22
Student_1732,8th Grade,25,21
Student_1843,8th Grade,25,20
Student_748,7th Grade,50,46
Student_1949,7th Grade,100,73
Student_348,7th Grade,100,42
Student_1243,6th Grade,100,100
Student_421,8th Grade,100,55
Student_822,6th Grade,100,77
Student_1160,6th Grade,100,73
Student_1609,8th Grade,50,37
Student_1531,8th Grade,50,31
Student_561,8th Grade,100,39
Student_1675,6th Grade,25,24
Student_1923,8th Grade,25,21
Student_807,8th Grade,50,29
Student_1032,8th Grade,25,21
Student_1302,6th Grade,50,34
Student_1326,7th Grade,50,37
Student_152,6th Grade,50,43
Student_1994,6th Grade,100,42
Student_702,8th Grade,100,69
Student_764,7th Grade,50,45
Student_255,6th Grade,25,22
Student_1305,8th Grade,50,49
Student_1334,7th Grade,100,59
Student_1872,8th Grade,25,21
Student_1487,8th Grade,100,91
Student_1223,6th Grade,100,40
Student_1736,7th Grade,100,20
Student_87,8th Grade,50,27
Student_376,7th Grade,50,24
Student_1826,8th Grade,50,34
Student_298,7th Grade,25,20
Student_776,7th Grade,25,20
Student_894,7th Grade,25,22
Student_785,8th Grade,100,57
Student_709,6th Grade,25,21
,6th Grade,50,27
Student_289,7th Grade,25,20
Student_500,8th Grade,50,39
Student_235,6th Grade,100,55
Student_257,7th Grade,50,38
Student_155,6th Grade,100,69
Student_1712,8th Grade,25,25
Student_749,6th Grade,25,23
Student_1324,8th Grade,100,53
Student_1151,7th Grade,50,34
Student_1260,7th Grade,25,21
Student_1030,6th Grade,25,24
Student_623,7th Grade,25,21
Student_444,6th Grade,50,39
Student_712,7th Grade,100,29
Student_183,7th Grade,25,22
Student_236,7th Grade,25,24
Student_1648,8th Grade,100,69
Student_225,6th Grade,50,39
Student_1373,7th Grade,100,84
Student_1391,6th Grade,25,20
Student_713,6th Grade,100,57
Student_1282,6th Grade,25,20
Student_1246,8th Grade,25,25
Student_1671,6th Grade,25,21
Student_1245,8th Grade,50,33
,6th Grade,100,30
Student_716,7th Grade,50,23
Student_1716,7th Grade,100,96
Student_1456,8th Grade,100,78
Student_1483,6th Grade,50,34
Student_1490,8th Grade,50,32
Student_105,8th Grade,50,23
Student_1046,7th Grade,100,77
Student_339,6th Grade,50,29
Student_1418,7th Grade,100,100
Student_752,6th Grade,100,59
Student_1921,7th Grade,100,93
Student_213,8th Grade,100,99
Student_284,7th Grade,50,39
Student_1171,6th Grade,100,68
Student_1011,7th Grade,100,49
Student_324,8th Grade,50,44
Student_1215,6th Grade,50,30
Student_1098,6th Grade,50,34
Student_1563,7th Grade,50,38
Student_1360,6th Grade,100,30
Student_335,8th Grade,25,24
Student_119,8th Grade,100,90
Student_1063,8th Grade,25,24
Student_1427,7th Grade,100,58
Student_1603,6th Grade,100,77
Student_793,6th Grade,50,22
Student_234,7th Grade,25,21
Student_173,8th Grade,25,24
Student_816,6th Grade,25,24
Student_1065,7th Grade,100,21
Student_210,6th Grade,25,22
Student_1139,6th Grade,50,31
Student_1328,8th Grade,100,51
Student_1739,8th Grade,100,20
Student_58,6th Grade,100,72
Student_1806,7th Grade,100,38
Student_1693,6th Grade,100,91
Student_366,7th Grade,50,38
Student_455,6th Grade,25,20
Student_919,8th Grade,25,20
Student_775,6th Grade,100,98
Student_1495,8th Grade,50,45
Student_1629,8th Grade,50,39
Student_872,7th Grade,50,38
Student_1679,8th Grade,25,23
Student_1264,6th Grade,100,85
Student_1619,7th Grade,25,25
Student_250,8th Grade,100,32
Student_1002,8th Grade,50,33
Student_367,7th Grade,25,25
Student_1764,7th Grade,100,91
Student_835,8th Grade,50,41
Student_1221,6th Grade,50,41
Student_1681,7th Grade,25,24
Student_1647,8th Grade,100,53
Student_409,8th Grade,50,36
Student_1136,6th Grade,100,57
Student_1795,6th Grade,50,33
Student_1514,6th Grade,100,59
Student_486,7th Grade,100,46
Student_754,6th Grade,50,37
Student_1817,6th Grade,50,20
Student_1486,6th Grade,25,21
Student_1535,6th Grade,50,28
Student_476,6th Grade,50,48
Student_1214,6th Grade,50,33
Student_1116,7th Grade,100,65
Student_936,8th Grade,100,72
Student_639,7th Grade,25,22
Student_1665,7th Grade,100,81
Student_738,6th Grade,50,41
Student_1317,6th Grade,25,25
Student_1465,6th Grade,50,44
Student_1306,8th Grade,25,25
Student_1647,8th Grade,100,53
Student_63,7th Grade,50,28
Student_1127,8th Grade,25,24
Student_328,7th Grade,25,22
Student_286,8th Grade,25,21
Student_1378,6th Grade,25,24
Student_1965,6th Grade,100,23
Student_1867,6th Grade,100,23
Student_1923,8th Grade,25,21
Student_1882,7th Grade,100,86
Student_1499,8th Grade,100,47
Student_1480,6th Grade,25,23
Student_309,8th Grade,100,79
Student_1762,8th Grade,25,25
Student_1770,6th Grade,25,20
Student_1845,7th Grade,25,24
Student_1694,7th Grade,25,22
Student_1930,8th Grade,100,97
Student_1230,6th Grade,50,41
Student_379,6th Grade,100,69
Student_1066,8th Grade,100,95
Student_1938,6th Grade,25,24
Student_116,7th Grade,25,20
Student_675,6th Grade,100,23
Student_746,8th Grade,50,45
Student_1494,6th Grade,25,22
Student_711,7th Grade,100,67
Student_380,8th Grade,100,49
Student_1985,8th Grade,100,99
Student_668,8th Grade,100,46
Student_1387,6th Grade,50,34
Student_1337,7th Grade,50,42
Student_844,7th Grade,25,25
Student_556,7th Grade,50,34
Student_274,7th Grade,100,64
Student_321,6th Grade,25,25
Student_1837,8th Grade,50,32
Student_758,7th Grade,25,23
Student_1238,8th Grade,50,20
Student_975,6th Grade,100,37
Student_1071,7th Grade,100,21
Student_1314,8th Grade,25,25
Student_280,6th Grade,25,20
Student_229,8th Grade,50,48
Student_856,7th Grade,50,42
Student_850,6th Grade,25,25
Student_1878,6th Grade,50,35
Student_1286,7th Grade,50,35
Student_1368,6th Grade,100,63
Student_1737,8th Grade,25,25
Student_1350,8th Grade,50,23
Student_1006,8th Grade,50,46
Student_1440,7th Grade,50,22
Student_977,7th Grade,100,67
Student_1182,7th Grade,100,80
Student_428,6th Grade,50,34
Student_654,8th Grade,100,28
Student_1180,7th Grade,100,44
Student_1898,7th Grade,25,20
Student_647,6th Grade,50,32
Student_1746,6th Grade,25,20
Student_925,8th Grade,25,21
Student_407,6th Grade,25,25
Student_1423,6th Grade,25,21
Student_770,8th Grade,50,48
Student_1261,6th Grade,25,25
Student_1036,7th Grade,50,38
Student_612,7th Grade,50,31
Student_1805,7th Grade,100,54
Student_67,7th Grade,25,24
Student_718,6th Grade,25,24
Student_1899,6th Grade,100,41
Student_1542,8th Grade,50,49
Student_1861,8th Grade,100,62
Student_1119,8th Grade,100,25
Student_555,6th Grade,100,26
Student_849,6th Grade,25,24
Student_512,7th Grade,50,33
Student_753,8th Grade,25,23
Student_243,8th Grade,25,22
Student_968,8th Grade,100,34
Student_1682,7th Grade,50,47
Student_661,8th Grade,100,65
Student_101,8th Grade,50,32
Student_1443,7th Grade,50,21
Student_793,6th Grade,50,22
Student_1569,8th Grade,100,30
Student_521,6th Grade,50,36
Student_846,7th Grade,50,48
Student_1284,6th Grade,50,39
Student_1093,7th Grade,25,22
Student_1165,8th Grade,100,54
Student_1175,7th Grade,100,77
Student_1788,7th Grade,25,25
Student_1504,6th Grade,100,36
Student_372,8th Grade,100,57
Student_1724,7th Grade,50,47
Student_1173,7th Grade,50,42
Student_1110,6th Grade,100,89
Student_560,6th Grade,50,48
Student_1235,8th Grade,100,83
Student_1039,8th Grade,50,48
Student_1195,8th Grade,50,30
Student_1886,6th Grade,25,20
Student_295,6th Grade,100,41
Student_75,7th Grade,100,31
Student_1436,6th Grade,25,23
Student_952,6th Grade,100,73
Student_1102,8th Grade,100,95
Student_935,8th Grade,50,26
Student_1934,7th Grade,25,21
Student_1484,6th Grade,100,96
Student_876,8th Grade,25,23
Student_1835,6th Grade,50,45
Student_395,6th Grade,50,40
Student_1507,6th Grade,25,24
Student_905,8th Grade,50,34
Student_1738,6th Grade,50,27
Student_118,8th Grade,100,78
Student_562,7th Grade,50,48
Student_1022,7th Grade,50,35
Student_439,8th Grade,50,48
Student_1298,7th Grade,50,39
Student_1253,6th Grade,25,23
Student_1163,7th Grade,100,67
Student_1437,7th Grade,100,72
Student_1672,6th Grade,100,71
Student_123,7th Grade,50,29
Student_1730,8th Grade,100,75
Student_1528,7th Grade,100,73
Student_924,7th Grade,100,58
Student_843,8th Grade,50,44
Student_883,6th Grade,50,33
Student_1626,7th Grade,25,25
Student_59,8th Grade,25,21
Student_1190,6th Grade,100,62
Student_818,8th Grade,50,33
Student_1971,7th Grade,25,25
Student_388,7th Grade,100,66
Student_244,7th Grade,100,41
Student_271,6th Grade,100,97
Student_84,6th Grade,25,20
Student_1154,8th Grade,100,54
Student_1388,7th Grade,100,34
Student_1643,7th Grade,100,72
Student_1650,8th Grade,100,31
Student_541,7th Grade,50,49
Student_1859,6th Grade,100,58
Student_677,6th Grade,100,46
Student_1637,8th Grade,25,21
Student_939,8th Grade,50,36
Student_415,7th Grade,100,40
Student_1975,8th Grade,100,31
Student_396,7th Grade,25,20
Student_403,8th Grade,100,28
Student_599,8th Grade,100,93
Student_990,7th Grade,100,64
Student_100,6th Grade,50,47
Student_999,8th Grade,50,38
Student_1520,6th Grade,100,93
Student_1948,7th Grade,100,61
Student_1803,7th Grade,100,54
Student_1259,7th Grade,50,47
Student_867,6th Grade,100,49
Student_860,6th Grade,50,24
Student_53,7th Grade,25,20
Student_926,7th Grade,100,36
Student_1491,8th Grade,50,42
Student_86,7th Grade,100,94
Student_1854,6th Grade,25,22
Student_916,6th Grade,50,48
Student_320,7th Grade,50,35
Student_227,7th Grade,25,21
Student_1334,7th Grade,100,59
Student_137,7th Grade,50,43
Student_1818,8th Grade,25,22
Student_1061,8th Grade,25,22
Student_338,7th Grade,100,43
Student_1652,6th Grade,100,67
Student_288,7th Grade,100,94
Student_1211,7th Grade,25,21
Student_25,6th Grade,100,32
Student_502,7th Grade,50,31
Student_1727,6th Grade,50,28
Student_1133,8th Grade,50,20
Student_1048,6th Grade,25,22
Student_496,7th Grade,100,99
Student_1466,7th Grade,100,60
Student_768,6th Grade,25,25
Student_1444,8th Grade,50,35
Student_232,6th Grade,100,28
Student_273,6th Grade,50,37
Student_1760,7th Grade,25,25
Student_618,8th Grade,25,25
Student_1821,8th Grade,25,25
Student_991,7th Grade,50,37
Student_1339,6th Grade,25,25
Student_1567,7th Grade,25,20
Student_634,7th Grade,50,20
Student_767,8th Grade,100,23
Student_814,8th Grade,25,23
Student_1735,6th Grade,25,23
Student_1206,6th Grade,50,31
Student_506,6th Grade,25,25
Student_1145,7th Grade,25,21
Student_252,8th Grade,100,29
Student_237,7th Grade,100,47
Student_463,6th Grade,25,20
Student_943,7th Grade,50,48
Student_226,7th Grade,50,43
Student_813,7th Grade,25,21
Student_1222,8th Grade,100,94
Student_1125,8th Grade,100,90
Student_769,6th Grade,50,26
Student_1591,6th Grade,25,22
Student_993,7th Grade,50,32
Student_103,8th Grade,100,63
Student_259,8th Grade,25,20
Student_934,8th Grade,100,68
Student_829,7th Grade,50,38
Student_437,8th Grade,50,46
Student_1628,6th Grade,50,45
Student_1673,8th Grade,25,25
Student_1090,8th Grade,50,45
Student_1689,8th Grade,50,37
Student_404,8th Grade,25,20
Student_1307,7th Grade,25,23
Student_1158,6th Grade,25,24
Student_809,6th Grade,100,44
Student_1312,6th Grade,25,20
Student_1809,7th Grade,25,21
Student_1008,7th Grade,50,39
Student_228,8th Grade,50,41
Student_1714,8th Grade,100,95
Student_21,6th Grade,100,66
Student_1777,6th Grade,50,41
Student_803,7th Grade,50,31
Student_524,8th Grade,50,40
Student_1448,8th Grade,100,91
Student_354,6th Grade,100,60
Student_1018,6th Grade,50,47
Student_1763,6th Grade,25,25
Student_1296,6th Grade,100,54
Student_1031,6th Grade,25,25
Student_592,8th Grade,25,22
Student_1407,7th Grade,100,90
Student_222,8th Grade,50,26
Student_1789,6th Grade,25,22
Student_445,7th Grade,100,71
,8th Grade,100,66
Student_1424,8th Grade,100,33
Student_859,7th Grade,50,21
Student_1547,8th Grade,25,25
Student_1877,6th Grade,50,25
Student_344,6th Grade,50,36
Student_1226,7th Grade,100,60
Student_842,6th Grade,50,49
Student_1732,8th Grade,25,21
Student_629,6th Grade,25,22
Student_596,6th Grade,100,54
Student_546,7th Grade,25,22
Student_613,6th Grade,25,22
Student_1656,7th Grade,100,85
Student_995,7th Grade,100,98
Student_326,7th Grade,100,87
Student_731,8th Grade,25,24
Student_1555,8th Grade,25,24
Student_17,7th Grade,50,41
Student_1725,6th Grade,25,21
Student_929,7th Grade,100,88
Student_1097,7th Grade,25,24
Student_1554,7th Grade,50,45
Student_1512,8th Grade,25,24
Student_1767,7th Grade,50,48
Student_801,7th Grade,25,20
Student_1774,6th Grade,50,47
Student_446,6th Grade,25,24
Student_1952,7th Grade,100,35
Student_466,8th Grade,50,22
Student_589,8th Grade,50,31
Student_1464,6th Grade,25,23
Student_1383,8th Grade,100,67
Student_1717,7th Grade,50,46
Student_1811,8th Grade,25,23
,6th Grade,25,21
Student_788,7th Grade,50,36
Student_605,6th Grade,25,22
Student_398,8th Grade,100,50
Student_186,6th Grade,50,30
Student_1003,8th Grade,25,22
Student_57,8th Grade,25,25
Student_1303,6th Grade,100,76
Student_401,7th Grade,50,46
Student_1813,8th Grade,100,36
Student_1177,8th Grade,100,22
Student_1825,7th Grade,100,98
Student_433,6th Grade,50,49
Student_1103,6th Grade,25,20
Student_782,6th Grade,50,44
Student_757,6th Grade,100,98
Student_1687,6th Grade,25,22
Student_1565,6th Grade,50,27
Student_474,6th Grade,50,43
Student_1024,6th Grade,25,23
Student_1251,7th Grade,100,78
Student_528,7th Grade,100,31
Student_1335,8th Grade,25,23
Student_60,8th Grade,50,46
Student_453,7th Grade,100,74
Student_1114,8th Grade,25,24
Student_516,6th Grade,50,38
Student_1799,6th Grade,100,63
Student_146,8th Grade,50,36
Student_1329,6th Grade,100,71
Student_978,7th Grade,100,85
Student_1304,8th Grade,25,24
Student_1354,8th Grade,25,21
Student_169,6th Grade,25,21
Student_1232,8th Grade,100,41
Student_214,6th Grade,100,85
Student_1349,6th Grade,100,32
Student_831,7th Grade,25,22
Student_804,7th Grade,100,79
Student_1551,7th Grade,100,36
Student_1010,8th Grade,50,45
Student_1992,7th Grade,25,24
Student_507,6th Grade,50,38
Student_700,7th Grade,100,94
Student_1613,7th Grade,100,23
Student_690,6th Grade,50,42
Student_1408,7th Grade,50,44
Student_471,8th Grade,100,53
Student_1861,8th Grade,100,62
Student_1000,6th Grade,50,22
Student_649,7th Grade,100,84
Student_1196,7th Grade,50,33
Student_815,6th Grade,25,20
Student_880,7th Grade,25,21
Student_728,6th Grade,50,29
Student_1790,7th Grade,25,21
Student_992,8th Grade,100,85
Student_256,8th Grade,50,21
Student_942,7th Grade,25,22
Student_1625,6th Grade,100,43
Student_551,6th Grade,50,20
Student_1901,7th Grade,25,24
Student_717,7th Grade,25,22
Student_1180,7th Grade,100,44
Student_884,6th Grade,100,58
Student_1522,6th Grade,25,23
Student_16,6th Grade,25,25
Student_508,8th Grade,25,20
Student_212,6th Grade,100,62
Student_1970,6th Grade,25,22
Student_216,7th Grade,100,27
Student_200,6th Grade,25,20
Student_1185,7th Grade,50,38
Student_1782,6th Grade,50,45
Student_1128,8th Grade,50,25
Student_1496,7th Grade,100,78
Student_69,7th Grade,100,52
Student_1439,7th Grade,100,47
Student_468,7th Grade,25,21
Student_821,6th Grade,100,68
Student_1916,7th Grade,100,66
Student_387,8th Grade,50,49
Student_950,7th Grade,100,35
Student_687,8th Grade,100,59
Student_697,8th Grade,100,67
Student_1229,7th Grade,50,28
Student_1895,6th Grade,50,25
Student_1814,8th Grade,50,26
Student_129,8th Grade,100,72
Student_261,6th Grade,50,26
Student_1630,6th Grade,100,83
Student_332,6th Grade,100,43
Student_1315,7th Grade,100,48
Student_371,7th Grade,50,31
Student_825,8th Grade,50,40
Student_921,8th Grade,100,83
Student_1584,8th Grade,100,57
Student_1932,7th Grade,100,67
Student_915,6th Grade,50,21
Student_13,6th Grade,100,32
Student_773,6th Grade,50,23
Student_819,8th Grade,25,24
Student_1537,7th Grade,25,20
Student_737,8th Grade,25,20
Student_1347,7th Grade,25,23
Student_1705,6th Grade,25,22
Student_454,7th Grade,100,83
Student_1050,7th Grade,100,83
Student_928,6th Grade,25,24
Student_1657,8th Grade,50,49
Student_1410,7th Grade,100,37
Student_1561,8th Grade,100,56
Student_908,8th Grade,25,24
Student_660,7th Grade,25,24
Student_38,8th Grade,100,73
